-- Inserción en las Tablas

-- Tabla Docente
INSERT INTO dbo.TBL_Docente VALUES ('1800709636', 'Jeronimo', 'Burgos')
INSERT INTO dbo.TBL_Docente VALUES ('1445951823', 'Estefania', 'Villegas')
INSERT INTO dbo.TBL_Docente VALUES ('625378462', 'Guillermo', 'Fernandez')
INSERT INTO dbo.TBL_Docente VALUES ('133462741', 'Eliana', 'Ramirez')
INSERT INTO dbo.TBL_Docente VALUES ('528087611', 'Jose', 'Carmona')
INSERT INTO dbo.TBL_Docente VALUES ('1553056848', 'Marcela', 'De santis')
INSERT INTO dbo.TBL_Docente VALUES ('1258446492', 'Daniela', 'Franco')
INSERT INTO dbo.TBL_Docente VALUES ('800258948', 'Rafael', 'Cortes')
INSERT INTO dbo.TBL_Docente VALUES ('1682395612', 'Camilo', 'Berrio')
INSERT INTO dbo.TBL_Docente VALUES ('1899965643', 'Francisco', 'Arias')


-- Tabla Estudiante
INSERT INTO dbo.TBL_Estudiante VALUES ('1947326241', 'Antonio', 'Merizalde')
INSERT INTO dbo.TBL_Estudiante VALUES ('887041669', 'Karen', 'Restrepo')
INSERT INTO dbo.TBL_Estudiante VALUES ('1013249373', 'David', 'Lemus')
INSERT INTO dbo.TBL_Estudiante VALUES ('1678031536', 'Javier', 'Santana')
INSERT INTO dbo.TBL_Estudiante VALUES ('1287236752', 'Virginia', 'Saldarriaga')
INSERT INTO dbo.TBL_Estudiante VALUES ('1174697850', 'Sergio', 'Posada')
INSERT INTO dbo.TBL_Estudiante VALUES ('1315439073', 'Jorge', 'Zea ')
INSERT INTO dbo.TBL_Estudiante VALUES ('1295974754', 'Mariana', 'Diaz ')
INSERT INTO dbo.TBL_Estudiante VALUES ('98604883', 'Esteban', 'Giraldo')
INSERT INTO dbo.TBL_Estudiante VALUES ('1424121476', 'Jorge', 'Idarraga')
INSERT INTO dbo.TBL_Estudiante VALUES ('923615422', 'Alejandro', 'Simanca')
INSERT INTO dbo.TBL_Estudiante VALUES ('583377500', 'Angelina', 'Pulgarin')
INSERT INTO dbo.TBL_Estudiante VALUES ('387529781', 'Brenda', 'Aguirre')
INSERT INTO dbo.TBL_Estudiante VALUES ('734202088', 'Gloria', 'Tamayo')
INSERT INTO dbo.TBL_Estudiante VALUES ('1720474118', 'Andrea', 'Carmona ')
INSERT INTO dbo.TBL_Estudiante VALUES ('677077792', 'Lucero', 'Diaz ')
INSERT INTO dbo.TBL_Estudiante VALUES ('1344983664', 'Angela', 'Alzate')
INSERT INTO dbo.TBL_Estudiante VALUES ('1181903590', 'Felipe', 'Arango')
INSERT INTO dbo.TBL_Estudiante VALUES ('644721119', 'Elena', 'Garces')
INSERT INTO dbo.TBL_Estudiante VALUES ('669487047', 'Carmen', 'Uribe')
INSERT INTO dbo.TBL_Estudiante VALUES ('1315457092', 'Daniel', 'Ospina')
INSERT INTO dbo.TBL_Estudiante VALUES ('1591456911', 'Alberto', 'Peláez')
INSERT INTO dbo.TBL_Estudiante VALUES ('806652071', 'Elena', 'Perez')
INSERT INTO dbo.TBL_Estudiante VALUES ('1407832568', 'Sebastian', 'Carmona')
INSERT INTO dbo.TBL_Estudiante VALUES ('1547389255', 'Oscar', 'Cifuentes')
INSERT INTO dbo.TBL_Estudiante VALUES ('1042750970', 'Santiago', 'Jaramillo')
INSERT INTO dbo.TBL_Estudiante VALUES ('238752289', 'Luis', 'Melano')
INSERT INTO dbo.TBL_Estudiante VALUES ('1424059390', 'Tammy', 'Mendez')
INSERT INTO dbo.TBL_Estudiante VALUES ('1388841431', 'Tomas', 'Ramirez')
INSERT INTO dbo.TBL_Estudiante VALUES ('1084133489', 'Felipe', 'Girando')
INSERT INTO dbo.TBL_Estudiante VALUES ('1545699556', 'Patricia', 'Diez')
INSERT INTO dbo.TBL_Estudiante VALUES ('350921802', 'Luisa', 'Sierra')
INSERT INTO dbo.TBL_Estudiante VALUES ('553429177', 'Sara', 'Vallejo')
INSERT INTO dbo.TBL_Estudiante VALUES ('122443010', 'Alexandra', 'Guerrero')
INSERT INTO dbo.TBL_Estudiante VALUES ('1815698730', 'Lisa', 'Guerra')
INSERT INTO dbo.TBL_Estudiante VALUES ('1669948635', 'Ana Maria', 'Rodríguez ')
INSERT INTO dbo.TBL_Estudiante VALUES ('1065634019', 'Sofia', 'Marulanda')
INSERT INTO dbo.TBL_Estudiante VALUES ('757221736', 'Paula', 'Palacio')
INSERT INTO dbo.TBL_Estudiante VALUES ('1577992581', 'Jesus', 'Bermudez')
INSERT INTO dbo.TBL_Estudiante VALUES ('1269685201', 'Roberta', 'Toledo')
INSERT INTO dbo.TBL_Estudiante VALUES ('434078852', 'Tatiana', 'Arango')
INSERT INTO dbo.TBL_Estudiante VALUES ('1811818617', 'Melina', 'Acevedo')
INSERT INTO dbo.TBL_Estudiante VALUES ('601003961', 'Cristina', 'Cock')
INSERT INTO dbo.TBL_Estudiante VALUES ('1920816740', 'Manuela', 'Casadiegos')
INSERT INTO dbo.TBL_Estudiante VALUES ('817543458', 'Isabel', 'Salamanca')
INSERT INTO dbo.TBL_Estudiante VALUES ('1674072302', 'Juan', 'Arango')
INSERT INTO dbo.TBL_Estudiante VALUES ('626627277', 'Luisa', 'Granda')
INSERT INTO dbo.TBL_Estudiante VALUES ('898843745', 'Monica', 'Arango ')
INSERT INTO dbo.TBL_Estudiante VALUES ('1457832082', 'Federico', 'Arroyave')
INSERT INTO dbo.TBL_Estudiante VALUES ('928605878', 'Dalia', 'Lemos')
INSERT INTO dbo.TBL_Estudiante VALUES ('994107290', 'Ana', 'Jaramillo')
INSERT INTO dbo.TBL_Estudiante VALUES ('1195515156', 'Maria', 'Lema')
INSERT INTO dbo.TBL_Estudiante VALUES ('546719608', 'Diana', 'Caro')
INSERT INTO dbo.TBL_Estudiante VALUES ('212330508', 'Amalia', 'Vergara')
INSERT INTO dbo.TBL_Estudiante VALUES ('1842613691', 'Julian', 'Duque')
INSERT INTO dbo.TBL_Estudiante VALUES ('1407720371', 'Maritza', 'Muñoz')
INSERT INTO dbo.TBL_Estudiante VALUES ('833186014', 'Andrés', 'Peláez')
INSERT INTO dbo.TBL_Estudiante VALUES ('1289527223', 'Miguel', 'Sanchez')
INSERT INTO dbo.TBL_Estudiante VALUES ('636863376', 'Carolina', 'Cano')
INSERT INTO dbo.TBL_Estudiante VALUES ('1685114809', 'Jessica', 'Marquez')
INSERT INTO dbo.TBL_Estudiante VALUES ('342872376', 'Samuel', 'Rico')
INSERT INTO dbo.TBL_Estudiante VALUES ('672708252', 'Gustavo', 'Mendez')
INSERT INTO dbo.TBL_Estudiante VALUES ('843682602', 'Karina', 'Jimenez')
INSERT INTO dbo.TBL_Estudiante VALUES ('85259893', 'Julieth', 'Osorio')
INSERT INTO dbo.TBL_Estudiante VALUES ('913246001', 'Lina', 'Villamizar')
INSERT INTO dbo.TBL_Estudiante VALUES ('1918147632', 'Carlos', 'Gomez')
INSERT INTO dbo.TBL_Estudiante VALUES ('1230865290', 'Simón', 'Gracía')
INSERT INTO dbo.TBL_Estudiante VALUES ('1720529567', 'Monica', 'Castro')
INSERT INTO dbo.TBL_Estudiante VALUES ('1455726517', 'Melisa', 'Uribe')
INSERT INTO dbo.TBL_Estudiante VALUES ('824641324', 'Alejandra', 'Florez')
INSERT INTO dbo.TBL_Estudiante VALUES ('466766480', 'Amalia', 'Gutierrez')
INSERT INTO dbo.TBL_Estudiante VALUES ('803669541', 'Raquel', 'Medina')


-- Tabla Curso
INSERT INTO dbo.TBL_Curso VALUES ('ING179', 'Algoritmos y Programación I')
INSERT INTO dbo.TBL_Curso VALUES ('CBS379', 'Cálculo Diferencial')
INSERT INTO dbo.TBL_Curso VALUES ('ING181', 'Algoritmos y Programación II')
INSERT INTO dbo.TBL_Curso VALUES ('CBS378', 'Cálculo Integral')
INSERT INTO dbo.TBL_Curso VALUES ('ING188', 'Bases de Datos I')
INSERT INTO dbo.TBL_Curso VALUES ('ING190', 'Diseño de Software')
INSERT INTO dbo.TBL_Curso VALUES ('ING200', 'Inteligencia Artificial')
INSERT INTO dbo.TBL_Curso VALUES ('ING209', 'Gestión de Redes y Servicios')


-- Tabla Asignación Docente
INSERT INTO dbo.TBL_AsignacionDocente VALUES ((SELECT ISNULL(MAX(ASIG_DOC_Consecutivo)+1,0) FROM dbo.TBL_AsignacionDocente), 'ING179', '1800709636')
INSERT INTO dbo.TBL_AsignacionDocente VALUES ((SELECT ISNULL(MAX(ASIG_DOC_Consecutivo)+1,0) FROM dbo.TBL_AsignacionDocente), 'CBS379', '1445951823')
INSERT INTO dbo.TBL_AsignacionDocente VALUES ((SELECT ISNULL(MAX(ASIG_DOC_Consecutivo)+1,0) FROM dbo.TBL_AsignacionDocente), 'ING181', '625378462')
INSERT INTO dbo.TBL_AsignacionDocente VALUES ((SELECT ISNULL(MAX(ASIG_DOC_Consecutivo)+1,0) FROM dbo.TBL_AsignacionDocente), 'CBS378', '133462741')
INSERT INTO dbo.TBL_AsignacionDocente VALUES ((SELECT ISNULL(MAX(ASIG_DOC_Consecutivo)+1,0) FROM dbo.TBL_AsignacionDocente), 'ING188', '528087611')
INSERT INTO dbo.TBL_AsignacionDocente VALUES ((SELECT ISNULL(MAX(ASIG_DOC_Consecutivo)+1,0) FROM dbo.TBL_AsignacionDocente), 'ING190', '1553056848')
INSERT INTO dbo.TBL_AsignacionDocente VALUES ((SELECT ISNULL(MAX(ASIG_DOC_Consecutivo)+1,0) FROM dbo.TBL_AsignacionDocente), 'ING200', '1258446492')
INSERT INTO dbo.TBL_AsignacionDocente VALUES ((SELECT ISNULL(MAX(ASIG_DOC_Consecutivo)+1,0) FROM dbo.TBL_AsignacionDocente), 'ING209', '800258948')
INSERT INTO dbo.TBL_AsignacionDocente VALUES ((SELECT ISNULL(MAX(ASIG_DOC_Consecutivo)+1,0) FROM dbo.TBL_AsignacionDocente), 'CBS379', '1682395612')
INSERT INTO dbo.TBL_AsignacionDocente VALUES ((SELECT ISNULL(MAX(ASIG_DOC_Consecutivo)+1,0) FROM dbo.TBL_AsignacionDocente), 'CBS378', '1899965643')


-- Tabla Matricula
INSERT INTO dbo.TBL_Matricula VALUES ((SELECT ISNULL(MAX(MAT_Consecutivo)+1,0) FROM dbo.TBL_Matricula),'1947326241', 0, 3)
INSERT INTO dbo.TBL_Matricula VALUES ((SELECT ISNULL(MAX(MAT_Consecutivo)+1,0) FROM dbo.TBL_Matricula),'887041669', 0, 2.4)
INSERT INTO dbo.TBL_Matricula VALUES ((SELECT ISNULL(MAX(MAT_Consecutivo)+1,0) FROM dbo.TBL_Matricula),'1013249373', 0, 3)
INSERT INTO dbo.TBL_Matricula VALUES ((SELECT ISNULL(MAX(MAT_Consecutivo)+1,0) FROM dbo.TBL_Matricula),'1678031536', 0, 2.5)
INSERT INTO dbo.TBL_Matricula VALUES ((SELECT ISNULL(MAX(MAT_Consecutivo)+1,0) FROM dbo.TBL_Matricula),'1287236752', 0, 3.1)
INSERT INTO dbo.TBL_Matricula VALUES ((SELECT ISNULL(MAX(MAT_Consecutivo)+1,0) FROM dbo.TBL_Matricula),'1174697850', 0, 3.6)
INSERT INTO dbo.TBL_Matricula VALUES ((SELECT ISNULL(MAX(MAT_Consecutivo)+1,0) FROM dbo.TBL_Matricula),'1315439073', 0, 2)
INSERT INTO dbo.TBL_Matricula VALUES ((SELECT ISNULL(MAX(MAT_Consecutivo)+1,0) FROM dbo.TBL_Matricula),'1295974754', 0, 2.2)
INSERT INTO dbo.TBL_Matricula VALUES ((SELECT ISNULL(MAX(MAT_Consecutivo)+1,0) FROM dbo.TBL_Matricula),'923615422', 0, 3.3)
INSERT INTO dbo.TBL_Matricula VALUES ((SELECT ISNULL(MAX(MAT_Consecutivo)+1,0) FROM dbo.TBL_Matricula),'387529781', 0, 4.4)
INSERT INTO dbo.TBL_Matricula VALUES ((SELECT ISNULL(MAX(MAT_Consecutivo)+1,0) FROM dbo.TBL_Matricula),'734202088', 0, 2.4)
INSERT INTO dbo.TBL_Matricula VALUES ((SELECT ISNULL(MAX(MAT_Consecutivo)+1,0) FROM dbo.TBL_Matricula),'1344983664', 0, 4.5)
INSERT INTO dbo.TBL_Matricula VALUES ((SELECT ISNULL(MAX(MAT_Consecutivo)+1,0) FROM dbo.TBL_Matricula),'644721119', 0, 4.3)
INSERT INTO dbo.TBL_Matricula VALUES ((SELECT ISNULL(MAX(MAT_Consecutivo)+1,0) FROM dbo.TBL_Matricula),'238752289', 0, 4.8)
INSERT INTO dbo.TBL_Matricula VALUES ((SELECT ISNULL(MAX(MAT_Consecutivo)+1,0) FROM dbo.TBL_Matricula),'757221736', 0, 4.8)
INSERT INTO dbo.TBL_Matricula VALUES ((SELECT ISNULL(MAX(MAT_Consecutivo)+1,0) FROM dbo.TBL_Matricula),'1811818617', 0, 3.1)
INSERT INTO dbo.TBL_Matricula VALUES ((SELECT ISNULL(MAX(MAT_Consecutivo)+1,0) FROM dbo.TBL_Matricula),'1674072302', 0, 4)
INSERT INTO dbo.TBL_Matricula VALUES ((SELECT ISNULL(MAX(MAT_Consecutivo)+1,0) FROM dbo.TBL_Matricula),'1407720371', 0, 3)
INSERT INTO dbo.TBL_Matricula VALUES ((SELECT ISNULL(MAX(MAT_Consecutivo)+1,0) FROM dbo.TBL_Matricula),'98604883', 0, 4.4)
INSERT INTO dbo.TBL_Matricula VALUES ((SELECT ISNULL(MAX(MAT_Consecutivo)+1,0) FROM dbo.TBL_Matricula),'1547389255', 0, 2.7)
INSERT INTO dbo.TBL_Matricula VALUES ((SELECT ISNULL(MAX(MAT_Consecutivo)+1,0) FROM dbo.TBL_Matricula),'553429177', 0, 2.2)
INSERT INTO dbo.TBL_Matricula VALUES ((SELECT ISNULL(MAX(MAT_Consecutivo)+1,0) FROM dbo.TBL_Matricula),'1669948635', 0, 3.7)
INSERT INTO dbo.TBL_Matricula VALUES ((SELECT ISNULL(MAX(MAT_Consecutivo)+1,0) FROM dbo.TBL_Matricula),'601003961', 0, 2.7)
INSERT INTO dbo.TBL_Matricula VALUES ((SELECT ISNULL(MAX(MAT_Consecutivo)+1,0) FROM dbo.TBL_Matricula),'843682602', 0, 3.6)
INSERT INTO dbo.TBL_Matricula VALUES ((SELECT ISNULL(MAX(MAT_Consecutivo)+1,0) FROM dbo.TBL_Matricula),'913246001', 0, 4.7)
INSERT INTO dbo.TBL_Matricula VALUES ((SELECT ISNULL(MAX(MAT_Consecutivo)+1,0) FROM dbo.TBL_Matricula),'1181903590', 2, 3.7)
INSERT INTO dbo.TBL_Matricula VALUES ((SELECT ISNULL(MAX(MAT_Consecutivo)+1,0) FROM dbo.TBL_Matricula),'644721119', 2, 4.6)
INSERT INTO dbo.TBL_Matricula VALUES ((SELECT ISNULL(MAX(MAT_Consecutivo)+1,0) FROM dbo.TBL_Matricula),'669487047', 2, 2.5)
INSERT INTO dbo.TBL_Matricula VALUES ((SELECT ISNULL(MAX(MAT_Consecutivo)+1,0) FROM dbo.TBL_Matricula),'1315457092', 2, 4.3)
INSERT INTO dbo.TBL_Matricula VALUES ((SELECT ISNULL(MAX(MAT_Consecutivo)+1,0) FROM dbo.TBL_Matricula),'1591456911', 2, 2.9)
INSERT INTO dbo.TBL_Matricula VALUES ((SELECT ISNULL(MAX(MAT_Consecutivo)+1,0) FROM dbo.TBL_Matricula),'806652071', 2, 4.6)
INSERT INTO dbo.TBL_Matricula VALUES ((SELECT ISNULL(MAX(MAT_Consecutivo)+1,0) FROM dbo.TBL_Matricula),'1407832568', 2, 2.2)
INSERT INTO dbo.TBL_Matricula VALUES ((SELECT ISNULL(MAX(MAT_Consecutivo)+1,0) FROM dbo.TBL_Matricula),'1547389255', 2, 3)
INSERT INTO dbo.TBL_Matricula VALUES ((SELECT ISNULL(MAX(MAT_Consecutivo)+1,0) FROM dbo.TBL_Matricula),'1042750970', 2, 2.2)
INSERT INTO dbo.TBL_Matricula VALUES ((SELECT ISNULL(MAX(MAT_Consecutivo)+1,0) FROM dbo.TBL_Matricula),'238752289', 2, 3.6)
INSERT INTO dbo.TBL_Matricula VALUES ((SELECT ISNULL(MAX(MAT_Consecutivo)+1,0) FROM dbo.TBL_Matricula),'1678031536', 2, 3.2)
INSERT INTO dbo.TBL_Matricula VALUES ((SELECT ISNULL(MAX(MAT_Consecutivo)+1,0) FROM dbo.TBL_Matricula),'98604883', 2, 1.8)
INSERT INTO dbo.TBL_Matricula VALUES ((SELECT ISNULL(MAX(MAT_Consecutivo)+1,0) FROM dbo.TBL_Matricula),'677077792', 2, 2.9)
INSERT INTO dbo.TBL_Matricula VALUES ((SELECT ISNULL(MAX(MAT_Consecutivo)+1,0) FROM dbo.TBL_Matricula),'1545699556', 2, 4.6)
INSERT INTO dbo.TBL_Matricula VALUES ((SELECT ISNULL(MAX(MAT_Consecutivo)+1,0) FROM dbo.TBL_Matricula),'1669948635', 2, 3.3)
INSERT INTO dbo.TBL_Matricula VALUES ((SELECT ISNULL(MAX(MAT_Consecutivo)+1,0) FROM dbo.TBL_Matricula),'1577992581', 2, 4.2)
INSERT INTO dbo.TBL_Matricula VALUES ((SELECT ISNULL(MAX(MAT_Consecutivo)+1,0) FROM dbo.TBL_Matricula),'601003961', 2, 3.2)
INSERT INTO dbo.TBL_Matricula VALUES ((SELECT ISNULL(MAX(MAT_Consecutivo)+1,0) FROM dbo.TBL_Matricula),'1920816740', 2, 4.1)
INSERT INTO dbo.TBL_Matricula VALUES ((SELECT ISNULL(MAX(MAT_Consecutivo)+1,0) FROM dbo.TBL_Matricula),'1685114809', 2, 4.6)
INSERT INTO dbo.TBL_Matricula VALUES ((SELECT ISNULL(MAX(MAT_Consecutivo)+1,0) FROM dbo.TBL_Matricula),'803669541', 2, 3.3)
INSERT INTO dbo.TBL_Matricula VALUES ((SELECT ISNULL(MAX(MAT_Consecutivo)+1,0) FROM dbo.TBL_Matricula),'1315439073', 2, 3.6)
INSERT INTO dbo.TBL_Matricula VALUES ((SELECT ISNULL(MAX(MAT_Consecutivo)+1,0) FROM dbo.TBL_Matricula),'1720474118', 2, 4.8)
INSERT INTO dbo.TBL_Matricula VALUES ((SELECT ISNULL(MAX(MAT_Consecutivo)+1,0) FROM dbo.TBL_Matricula),'1344983664', 2, 3.8)
INSERT INTO dbo.TBL_Matricula VALUES ((SELECT ISNULL(MAX(MAT_Consecutivo)+1,0) FROM dbo.TBL_Matricula),'1424059390', 2, 4.9)
INSERT INTO dbo.TBL_Matricula VALUES ((SELECT ISNULL(MAX(MAT_Consecutivo)+1,0) FROM dbo.TBL_Matricula),'350921802', 2, 2.4)
INSERT INTO dbo.TBL_Matricula VALUES ((SELECT ISNULL(MAX(MAT_Consecutivo)+1,0) FROM dbo.TBL_Matricula),'1065634019', 2, 4.8)
INSERT INTO dbo.TBL_Matricula VALUES ((SELECT ISNULL(MAX(MAT_Consecutivo)+1,0) FROM dbo.TBL_Matricula),'1811818617', 2, 3)
INSERT INTO dbo.TBL_Matricula VALUES ((SELECT ISNULL(MAX(MAT_Consecutivo)+1,0) FROM dbo.TBL_Matricula),'1457832082', 2, 1.9)
INSERT INTO dbo.TBL_Matricula VALUES ((SELECT ISNULL(MAX(MAT_Consecutivo)+1,0) FROM dbo.TBL_Matricula),'212330508', 2, 3.8)
INSERT INTO dbo.TBL_Matricula VALUES ((SELECT ISNULL(MAX(MAT_Consecutivo)+1,0) FROM dbo.TBL_Matricula),'85259893', 2, 4.4)
INSERT INTO dbo.TBL_Matricula VALUES ((SELECT ISNULL(MAX(MAT_Consecutivo)+1,0) FROM dbo.TBL_Matricula),'824641324', 2, 3.9)
INSERT INTO dbo.TBL_Matricula VALUES ((SELECT ISNULL(MAX(MAT_Consecutivo)+1,0) FROM dbo.TBL_Matricula),'1065634019', 4, 3.5)
INSERT INTO dbo.TBL_Matricula VALUES ((SELECT ISNULL(MAX(MAT_Consecutivo)+1,0) FROM dbo.TBL_Matricula),'757221736', 4, 4.3)
INSERT INTO dbo.TBL_Matricula VALUES ((SELECT ISNULL(MAX(MAT_Consecutivo)+1,0) FROM dbo.TBL_Matricula),'1577992581', 4, 2.8)
INSERT INTO dbo.TBL_Matricula VALUES ((SELECT ISNULL(MAX(MAT_Consecutivo)+1,0) FROM dbo.TBL_Matricula),'1269685201', 4, 2.7)
INSERT INTO dbo.TBL_Matricula VALUES ((SELECT ISNULL(MAX(MAT_Consecutivo)+1,0) FROM dbo.TBL_Matricula),'434078852', 4, 3.1)
INSERT INTO dbo.TBL_Matricula VALUES ((SELECT ISNULL(MAX(MAT_Consecutivo)+1,0) FROM dbo.TBL_Matricula),'1811818617', 4, 4.7)
INSERT INTO dbo.TBL_Matricula VALUES ((SELECT ISNULL(MAX(MAT_Consecutivo)+1,0) FROM dbo.TBL_Matricula),'601003961', 4, 3.4)
INSERT INTO dbo.TBL_Matricula VALUES ((SELECT ISNULL(MAX(MAT_Consecutivo)+1,0) FROM dbo.TBL_Matricula),'1424121476', 4, 2.6)
INSERT INTO dbo.TBL_Matricula VALUES ((SELECT ISNULL(MAX(MAT_Consecutivo)+1,0) FROM dbo.TBL_Matricula),'350921802', 4, 4.6)
INSERT INTO dbo.TBL_Matricula VALUES ((SELECT ISNULL(MAX(MAT_Consecutivo)+1,0) FROM dbo.TBL_Matricula),'1457832082', 4, 2.1)
INSERT INTO dbo.TBL_Matricula VALUES ((SELECT ISNULL(MAX(MAT_Consecutivo)+1,0) FROM dbo.TBL_Matricula),'1842613691', 4, 2.3)
INSERT INTO dbo.TBL_Matricula VALUES ((SELECT ISNULL(MAX(MAT_Consecutivo)+1,0) FROM dbo.TBL_Matricula),'1720529567', 4, 4.2)
INSERT INTO dbo.TBL_Matricula VALUES ((SELECT ISNULL(MAX(MAT_Consecutivo)+1,0) FROM dbo.TBL_Matricula),'1455726517', 4, 3.2)
INSERT INTO dbo.TBL_Matricula VALUES ((SELECT ISNULL(MAX(MAT_Consecutivo)+1,0) FROM dbo.TBL_Matricula),'824641324', 4, 5)
INSERT INTO dbo.TBL_Matricula VALUES ((SELECT ISNULL(MAX(MAT_Consecutivo)+1,0) FROM dbo.TBL_Matricula),'1287236752', 4, 4.4)
INSERT INTO dbo.TBL_Matricula VALUES ((SELECT ISNULL(MAX(MAT_Consecutivo)+1,0) FROM dbo.TBL_Matricula),'1181903590', 4, 4.9)
INSERT INTO dbo.TBL_Matricula VALUES ((SELECT ISNULL(MAX(MAT_Consecutivo)+1,0) FROM dbo.TBL_Matricula),'1388841431', 4, 4.9)
INSERT INTO dbo.TBL_Matricula VALUES ((SELECT ISNULL(MAX(MAT_Consecutivo)+1,0) FROM dbo.TBL_Matricula),'122443010', 4, 4.6)
INSERT INTO dbo.TBL_Matricula VALUES ((SELECT ISNULL(MAX(MAT_Consecutivo)+1,0) FROM dbo.TBL_Matricula),'1920816740', 4, 4.5)
INSERT INTO dbo.TBL_Matricula VALUES ((SELECT ISNULL(MAX(MAT_Consecutivo)+1,0) FROM dbo.TBL_Matricula),'1195515156', 4, 3.1)
INSERT INTO dbo.TBL_Matricula VALUES ((SELECT ISNULL(MAX(MAT_Consecutivo)+1,0) FROM dbo.TBL_Matricula),'833186014', 4, 3.5)
INSERT INTO dbo.TBL_Matricula VALUES ((SELECT ISNULL(MAX(MAT_Consecutivo)+1,0) FROM dbo.TBL_Matricula),'672708252', 4, 4.8)
INSERT INTO dbo.TBL_Matricula VALUES ((SELECT ISNULL(MAX(MAT_Consecutivo)+1,0) FROM dbo.TBL_Matricula),'1230865290', 4, 2.6)
INSERT INTO dbo.TBL_Matricula VALUES ((SELECT ISNULL(MAX(MAT_Consecutivo)+1,0) FROM dbo.TBL_Matricula),'1920816740', 5, 3.7)
INSERT INTO dbo.TBL_Matricula VALUES ((SELECT ISNULL(MAX(MAT_Consecutivo)+1,0) FROM dbo.TBL_Matricula),'817543458', 5, 2.4)
INSERT INTO dbo.TBL_Matricula VALUES ((SELECT ISNULL(MAX(MAT_Consecutivo)+1,0) FROM dbo.TBL_Matricula),'1674072302', 5, 2.9)
INSERT INTO dbo.TBL_Matricula VALUES ((SELECT ISNULL(MAX(MAT_Consecutivo)+1,0) FROM dbo.TBL_Matricula),'626627277', 5, 4.6)
INSERT INTO dbo.TBL_Matricula VALUES ((SELECT ISNULL(MAX(MAT_Consecutivo)+1,0) FROM dbo.TBL_Matricula),'898843745', 5, 2.9)
INSERT INTO dbo.TBL_Matricula VALUES ((SELECT ISNULL(MAX(MAT_Consecutivo)+1,0) FROM dbo.TBL_Matricula),'1457832082', 5, 3.9)
INSERT INTO dbo.TBL_Matricula VALUES ((SELECT ISNULL(MAX(MAT_Consecutivo)+1,0) FROM dbo.TBL_Matricula),'928605878', 5, 3)
INSERT INTO dbo.TBL_Matricula VALUES ((SELECT ISNULL(MAX(MAT_Consecutivo)+1,0) FROM dbo.TBL_Matricula),'1013249373', 5, 4.1)
INSERT INTO dbo.TBL_Matricula VALUES ((SELECT ISNULL(MAX(MAT_Consecutivo)+1,0) FROM dbo.TBL_Matricula),'583377500', 5, 2.2)
INSERT INTO dbo.TBL_Matricula VALUES ((SELECT ISNULL(MAX(MAT_Consecutivo)+1,0) FROM dbo.TBL_Matricula),'1181903590', 5, 3.2)
INSERT INTO dbo.TBL_Matricula VALUES ((SELECT ISNULL(MAX(MAT_Consecutivo)+1,0) FROM dbo.TBL_Matricula),'806652071', 5, 2.3)
INSERT INTO dbo.TBL_Matricula VALUES ((SELECT ISNULL(MAX(MAT_Consecutivo)+1,0) FROM dbo.TBL_Matricula),'1042750970', 5, 3.9)
INSERT INTO dbo.TBL_Matricula VALUES ((SELECT ISNULL(MAX(MAT_Consecutivo)+1,0) FROM dbo.TBL_Matricula),'122443010', 5, 3.9)
INSERT INTO dbo.TBL_Matricula VALUES ((SELECT ISNULL(MAX(MAT_Consecutivo)+1,0) FROM dbo.TBL_Matricula),'994107290', 5, 1.9)
INSERT INTO dbo.TBL_Matricula VALUES ((SELECT ISNULL(MAX(MAT_Consecutivo)+1,0) FROM dbo.TBL_Matricula),'833186014', 5, 1.9)
INSERT INTO dbo.TBL_Matricula VALUES ((SELECT ISNULL(MAX(MAT_Consecutivo)+1,0) FROM dbo.TBL_Matricula),'1289527223', 5, 3.4)
INSERT INTO dbo.TBL_Matricula VALUES ((SELECT ISNULL(MAX(MAT_Consecutivo)+1,0) FROM dbo.TBL_Matricula),'672708252', 5, 3.7)
INSERT INTO dbo.TBL_Matricula VALUES ((SELECT ISNULL(MAX(MAT_Consecutivo)+1,0) FROM dbo.TBL_Matricula),'1230865290', 5, 3)
INSERT INTO dbo.TBL_Matricula VALUES ((SELECT ISNULL(MAX(MAT_Consecutivo)+1,0) FROM dbo.TBL_Matricula),'1947326241', 5, 2.3)
INSERT INTO dbo.TBL_Matricula VALUES ((SELECT ISNULL(MAX(MAT_Consecutivo)+1,0) FROM dbo.TBL_Matricula),'1424121476', 5, 3.9)
INSERT INTO dbo.TBL_Matricula VALUES ((SELECT ISNULL(MAX(MAT_Consecutivo)+1,0) FROM dbo.TBL_Matricula),'1815698730', 5, 4.5)
INSERT INTO dbo.TBL_Matricula VALUES ((SELECT ISNULL(MAX(MAT_Consecutivo)+1,0) FROM dbo.TBL_Matricula),'1685114809', 5, 2.1)
INSERT INTO dbo.TBL_Matricula VALUES ((SELECT ISNULL(MAX(MAT_Consecutivo)+1,0) FROM dbo.TBL_Matricula),'1918147632', 5, 2.2)
INSERT INTO dbo.TBL_Matricula VALUES ((SELECT ISNULL(MAX(MAT_Consecutivo)+1,0) FROM dbo.TBL_Matricula),'466766480', 5, 2.8)
INSERT INTO dbo.TBL_Matricula VALUES ((SELECT ISNULL(MAX(MAT_Consecutivo)+1,0) FROM dbo.TBL_Matricula),'994107290', 6, 4.7)
INSERT INTO dbo.TBL_Matricula VALUES ((SELECT ISNULL(MAX(MAT_Consecutivo)+1,0) FROM dbo.TBL_Matricula),'1195515156', 6, 4.2)
INSERT INTO dbo.TBL_Matricula VALUES ((SELECT ISNULL(MAX(MAT_Consecutivo)+1,0) FROM dbo.TBL_Matricula),'546719608', 6, 3.1)
INSERT INTO dbo.TBL_Matricula VALUES ((SELECT ISNULL(MAX(MAT_Consecutivo)+1,0) FROM dbo.TBL_Matricula),'212330508', 6, 4.6)
INSERT INTO dbo.TBL_Matricula VALUES ((SELECT ISNULL(MAX(MAT_Consecutivo)+1,0) FROM dbo.TBL_Matricula),'1842613691', 6, 4.6)
INSERT INTO dbo.TBL_Matricula VALUES ((SELECT ISNULL(MAX(MAT_Consecutivo)+1,0) FROM dbo.TBL_Matricula),'1407720371', 6, 2.2)
INSERT INTO dbo.TBL_Matricula VALUES ((SELECT ISNULL(MAX(MAT_Consecutivo)+1,0) FROM dbo.TBL_Matricula),'833186014', 6, 4)
INSERT INTO dbo.TBL_Matricula VALUES ((SELECT ISNULL(MAX(MAT_Consecutivo)+1,0) FROM dbo.TBL_Matricula),'1289527223', 6, 3.4)
INSERT INTO dbo.TBL_Matricula VALUES ((SELECT ISNULL(MAX(MAT_Consecutivo)+1,0) FROM dbo.TBL_Matricula),'636863376', 6, 2.5)
INSERT INTO dbo.TBL_Matricula VALUES ((SELECT ISNULL(MAX(MAT_Consecutivo)+1,0) FROM dbo.TBL_Matricula),'1685114809', 6, 2.9)
INSERT INTO dbo.TBL_Matricula VALUES ((SELECT ISNULL(MAX(MAT_Consecutivo)+1,0) FROM dbo.TBL_Matricula),'1947326241', 6, 4.3)
INSERT INTO dbo.TBL_Matricula VALUES ((SELECT ISNULL(MAX(MAT_Consecutivo)+1,0) FROM dbo.TBL_Matricula),'1287236752', 6, 2.8)
INSERT INTO dbo.TBL_Matricula VALUES ((SELECT ISNULL(MAX(MAT_Consecutivo)+1,0) FROM dbo.TBL_Matricula),'1407832568', 6, 3.3)
INSERT INTO dbo.TBL_Matricula VALUES ((SELECT ISNULL(MAX(MAT_Consecutivo)+1,0) FROM dbo.TBL_Matricula),'1547389255', 6, 4.2)
INSERT INTO dbo.TBL_Matricula VALUES ((SELECT ISNULL(MAX(MAT_Consecutivo)+1,0) FROM dbo.TBL_Matricula),'434078852', 6, 2.8)
INSERT INTO dbo.TBL_Matricula VALUES ((SELECT ISNULL(MAX(MAT_Consecutivo)+1,0) FROM dbo.TBL_Matricula),'626627277', 6, 4.1)
INSERT INTO dbo.TBL_Matricula VALUES ((SELECT ISNULL(MAX(MAT_Consecutivo)+1,0) FROM dbo.TBL_Matricula),'928605878', 6, 2.6)
INSERT INTO dbo.TBL_Matricula VALUES ((SELECT ISNULL(MAX(MAT_Consecutivo)+1,0) FROM dbo.TBL_Matricula),'342872376', 6, 4.6)
INSERT INTO dbo.TBL_Matricula VALUES ((SELECT ISNULL(MAX(MAT_Consecutivo)+1,0) FROM dbo.TBL_Matricula),'466766480', 6, 3.1)
INSERT INTO dbo.TBL_Matricula VALUES ((SELECT ISNULL(MAX(MAT_Consecutivo)+1,0) FROM dbo.TBL_Matricula),'887041669', 6, 3.2)
INSERT INTO dbo.TBL_Matricula VALUES ((SELECT ISNULL(MAX(MAT_Consecutivo)+1,0) FROM dbo.TBL_Matricula),'1295974754', 6, 4.5)
INSERT INTO dbo.TBL_Matricula VALUES ((SELECT ISNULL(MAX(MAT_Consecutivo)+1,0) FROM dbo.TBL_Matricula),'923615422', 6, 4.7)
INSERT INTO dbo.TBL_Matricula VALUES ((SELECT ISNULL(MAX(MAT_Consecutivo)+1,0) FROM dbo.TBL_Matricula),'387529781', 6, 4.1)
INSERT INTO dbo.TBL_Matricula VALUES ((SELECT ISNULL(MAX(MAT_Consecutivo)+1,0) FROM dbo.TBL_Matricula),'734202088', 6, 2.4)
INSERT INTO dbo.TBL_Matricula VALUES ((SELECT ISNULL(MAX(MAT_Consecutivo)+1,0) FROM dbo.TBL_Matricula),'1591456911', 6, 4.4)
INSERT INTO dbo.TBL_Matricula VALUES ((SELECT ISNULL(MAX(MAT_Consecutivo)+1,0) FROM dbo.TBL_Matricula),'1084133489', 6, 3.3)
INSERT INTO dbo.TBL_Matricula VALUES ((SELECT ISNULL(MAX(MAT_Consecutivo)+1,0) FROM dbo.TBL_Matricula),'1269685201', 6, 3.7)
INSERT INTO dbo.TBL_Matricula VALUES ((SELECT ISNULL(MAX(MAT_Consecutivo)+1,0) FROM dbo.TBL_Matricula),'898843745', 6, 3.1)
INSERT INTO dbo.TBL_Matricula VALUES ((SELECT ISNULL(MAX(MAT_Consecutivo)+1,0) FROM dbo.TBL_Matricula),'342872376', 7, 3.8)
INSERT INTO dbo.TBL_Matricula VALUES ((SELECT ISNULL(MAX(MAT_Consecutivo)+1,0) FROM dbo.TBL_Matricula),'672708252', 7, 2.5)
INSERT INTO dbo.TBL_Matricula VALUES ((SELECT ISNULL(MAX(MAT_Consecutivo)+1,0) FROM dbo.TBL_Matricula),'843682602', 7, 3.4)
INSERT INTO dbo.TBL_Matricula VALUES ((SELECT ISNULL(MAX(MAT_Consecutivo)+1,0) FROM dbo.TBL_Matricula),'85259893', 7, 4.7)
INSERT INTO dbo.TBL_Matricula VALUES ((SELECT ISNULL(MAX(MAT_Consecutivo)+1,0) FROM dbo.TBL_Matricula),'913246001', 7, 4.7)
INSERT INTO dbo.TBL_Matricula VALUES ((SELECT ISNULL(MAX(MAT_Consecutivo)+1,0) FROM dbo.TBL_Matricula),'1918147632', 7, 3.1)
INSERT INTO dbo.TBL_Matricula VALUES ((SELECT ISNULL(MAX(MAT_Consecutivo)+1,0) FROM dbo.TBL_Matricula),'1230865290', 7, 4.9)
INSERT INTO dbo.TBL_Matricula VALUES ((SELECT ISNULL(MAX(MAT_Consecutivo)+1,0) FROM dbo.TBL_Matricula),'1720529567', 7, 2.6)
INSERT INTO dbo.TBL_Matricula VALUES ((SELECT ISNULL(MAX(MAT_Consecutivo)+1,0) FROM dbo.TBL_Matricula),'1455726517', 7, 4)
INSERT INTO dbo.TBL_Matricula VALUES ((SELECT ISNULL(MAX(MAT_Consecutivo)+1,0) FROM dbo.TBL_Matricula),'824641324', 7, 5)
INSERT INTO dbo.TBL_Matricula VALUES ((SELECT ISNULL(MAX(MAT_Consecutivo)+1,0) FROM dbo.TBL_Matricula),'466766480', 7, 4.1)
INSERT INTO dbo.TBL_Matricula VALUES ((SELECT ISNULL(MAX(MAT_Consecutivo)+1,0) FROM dbo.TBL_Matricula),'803669541', 7, 2.9)
INSERT INTO dbo.TBL_Matricula VALUES ((SELECT ISNULL(MAX(MAT_Consecutivo)+1,0) FROM dbo.TBL_Matricula),'887041669', 7, 3.6)
INSERT INTO dbo.TBL_Matricula VALUES ((SELECT ISNULL(MAX(MAT_Consecutivo)+1,0) FROM dbo.TBL_Matricula),'669487047', 7, 3.8)
INSERT INTO dbo.TBL_Matricula VALUES ((SELECT ISNULL(MAX(MAT_Consecutivo)+1,0) FROM dbo.TBL_Matricula),'1424059390', 7, 2.2)
INSERT INTO dbo.TBL_Matricula VALUES ((SELECT ISNULL(MAX(MAT_Consecutivo)+1,0) FROM dbo.TBL_Matricula),'1084133489', 7, 2.8)
INSERT INTO dbo.TBL_Matricula VALUES ((SELECT ISNULL(MAX(MAT_Consecutivo)+1,0) FROM dbo.TBL_Matricula),'1815698730', 7, 3.5)
INSERT INTO dbo.TBL_Matricula VALUES ((SELECT ISNULL(MAX(MAT_Consecutivo)+1,0) FROM dbo.TBL_Matricula),'898843745', 7, 4.2)
INSERT INTO dbo.TBL_Matricula VALUES ((SELECT ISNULL(MAX(MAT_Consecutivo)+1,0) FROM dbo.TBL_Matricula),'1195515156', 7, 4.9)
INSERT INTO dbo.TBL_Matricula VALUES ((SELECT ISNULL(MAX(MAT_Consecutivo)+1,0) FROM dbo.TBL_Matricula),'546719608', 7, 2.2)
INSERT INTO dbo.TBL_Matricula VALUES ((SELECT ISNULL(MAX(MAT_Consecutivo)+1,0) FROM dbo.TBL_Matricula),'583377500', 7, 2.7)
INSERT INTO dbo.TBL_Matricula VALUES ((SELECT ISNULL(MAX(MAT_Consecutivo)+1,0) FROM dbo.TBL_Matricula),'677077792', 7, 3.6)
INSERT INTO dbo.TBL_Matricula VALUES ((SELECT ISNULL(MAX(MAT_Consecutivo)+1,0) FROM dbo.TBL_Matricula),'806652071', 7, 2.4)
INSERT INTO dbo.TBL_Matricula VALUES ((SELECT ISNULL(MAX(MAT_Consecutivo)+1,0) FROM dbo.TBL_Matricula),'817543458', 7, 4)
INSERT INTO dbo.TBL_Matricula VALUES ((SELECT ISNULL(MAX(MAT_Consecutivo)+1,0) FROM dbo.TBL_Matricula),'626627277', 7, 3.3)
INSERT INTO dbo.TBL_Matricula VALUES ((SELECT ISNULL(MAX(MAT_Consecutivo)+1,0) FROM dbo.TBL_Matricula),'994107290', 7, 3)
INSERT INTO dbo.TBL_Matricula VALUES ((SELECT ISNULL(MAX(MAT_Consecutivo)+1,0) FROM dbo.TBL_Matricula),'803669541', 7, 5)
INSERT INTO dbo.TBL_Matricula VALUES ((SELECT ISNULL(MAX(MAT_Consecutivo)+1,0) FROM dbo.TBL_Matricula),'1295974754', 1, 4.3)
INSERT INTO dbo.TBL_Matricula VALUES ((SELECT ISNULL(MAX(MAT_Consecutivo)+1,0) FROM dbo.TBL_Matricula),'98604883', 8, 4.6)
INSERT INTO dbo.TBL_Matricula VALUES ((SELECT ISNULL(MAX(MAT_Consecutivo)+1,0) FROM dbo.TBL_Matricula),'1424121476', 8, 3.1)
INSERT INTO dbo.TBL_Matricula VALUES ((SELECT ISNULL(MAX(MAT_Consecutivo)+1,0) FROM dbo.TBL_Matricula),'923615422', 8, 3.5)
INSERT INTO dbo.TBL_Matricula VALUES ((SELECT ISNULL(MAX(MAT_Consecutivo)+1,0) FROM dbo.TBL_Matricula),'583377500', 1, 2.3)
INSERT INTO dbo.TBL_Matricula VALUES ((SELECT ISNULL(MAX(MAT_Consecutivo)+1,0) FROM dbo.TBL_Matricula),'387529781', 1, 3.6)
INSERT INTO dbo.TBL_Matricula VALUES ((SELECT ISNULL(MAX(MAT_Consecutivo)+1,0) FROM dbo.TBL_Matricula),'734202088', 1, 3.7)
INSERT INTO dbo.TBL_Matricula VALUES ((SELECT ISNULL(MAX(MAT_Consecutivo)+1,0) FROM dbo.TBL_Matricula),'1720474118', 8, 3.7)
INSERT INTO dbo.TBL_Matricula VALUES ((SELECT ISNULL(MAX(MAT_Consecutivo)+1,0) FROM dbo.TBL_Matricula),'677077792', 1, 5)
INSERT INTO dbo.TBL_Matricula VALUES ((SELECT ISNULL(MAX(MAT_Consecutivo)+1,0) FROM dbo.TBL_Matricula),'1344983664', 8, 2.7)
INSERT INTO dbo.TBL_Matricula VALUES ((SELECT ISNULL(MAX(MAT_Consecutivo)+1,0) FROM dbo.TBL_Matricula),'1315457092', 8, 4.7)
INSERT INTO dbo.TBL_Matricula VALUES ((SELECT ISNULL(MAX(MAT_Consecutivo)+1,0) FROM dbo.TBL_Matricula),'1591456911', 1, 4.7)
INSERT INTO dbo.TBL_Matricula VALUES ((SELECT ISNULL(MAX(MAT_Consecutivo)+1,0) FROM dbo.TBL_Matricula),'1388841431', 8, 2.6)
INSERT INTO dbo.TBL_Matricula VALUES ((SELECT ISNULL(MAX(MAT_Consecutivo)+1,0) FROM dbo.TBL_Matricula),'553429177', 1, 1.8)
INSERT INTO dbo.TBL_Matricula VALUES ((SELECT ISNULL(MAX(MAT_Consecutivo)+1,0) FROM dbo.TBL_Matricula),'817543458', 1, 4.8)
INSERT INTO dbo.TBL_Matricula VALUES ((SELECT ISNULL(MAX(MAT_Consecutivo)+1,0) FROM dbo.TBL_Matricula),'636863376', 1, 4.8)
INSERT INTO dbo.TBL_Matricula VALUES ((SELECT ISNULL(MAX(MAT_Consecutivo)+1,0) FROM dbo.TBL_Matricula),'85259893', 1, 2.2)
INSERT INTO dbo.TBL_Matricula VALUES ((SELECT ISNULL(MAX(MAT_Consecutivo)+1,0) FROM dbo.TBL_Matricula),'913246001', 8, 2.1)
INSERT INTO dbo.TBL_Matricula VALUES ((SELECT ISNULL(MAX(MAT_Consecutivo)+1,0) FROM dbo.TBL_Matricula),'1918147632', 1, 4.5)
INSERT INTO dbo.TBL_Matricula VALUES ((SELECT ISNULL(MAX(MAT_Consecutivo)+1,0) FROM dbo.TBL_Matricula),'1174697850', 1, 3.3)
INSERT INTO dbo.TBL_Matricula VALUES ((SELECT ISNULL(MAX(MAT_Consecutivo)+1,0) FROM dbo.TBL_Matricula),'644721119', 8, 4.4)
INSERT INTO dbo.TBL_Matricula VALUES ((SELECT ISNULL(MAX(MAT_Consecutivo)+1,0) FROM dbo.TBL_Matricula),'669487047', 1, 2.9)
INSERT INTO dbo.TBL_Matricula VALUES ((SELECT ISNULL(MAX(MAT_Consecutivo)+1,0) FROM dbo.TBL_Matricula),'1407832568', 1, 4.2)
INSERT INTO dbo.TBL_Matricula VALUES ((SELECT ISNULL(MAX(MAT_Consecutivo)+1,0) FROM dbo.TBL_Matricula),'1042750970', 1, 2)
INSERT INTO dbo.TBL_Matricula VALUES ((SELECT ISNULL(MAX(MAT_Consecutivo)+1,0) FROM dbo.TBL_Matricula),'238752289', 1, 4.8)
INSERT INTO dbo.TBL_Matricula VALUES ((SELECT ISNULL(MAX(MAT_Consecutivo)+1,0) FROM dbo.TBL_Matricula),'1545699556', 8, 4.2)
INSERT INTO dbo.TBL_Matricula VALUES ((SELECT ISNULL(MAX(MAT_Consecutivo)+1,0) FROM dbo.TBL_Matricula),'342872376', 8, 3.1)
INSERT INTO dbo.TBL_Matricula VALUES ((SELECT ISNULL(MAX(MAT_Consecutivo)+1,0) FROM dbo.TBL_Matricula),'1455726517', 1, 4.2)
INSERT INTO dbo.TBL_Matricula VALUES ((SELECT ISNULL(MAX(MAT_Consecutivo)+1,0) FROM dbo.TBL_Matricula),'1424059390', 3, 3.4)
INSERT INTO dbo.TBL_Matricula VALUES ((SELECT ISNULL(MAX(MAT_Consecutivo)+1,0) FROM dbo.TBL_Matricula),'1388841431', 3, 2.1)
INSERT INTO dbo.TBL_Matricula VALUES ((SELECT ISNULL(MAX(MAT_Consecutivo)+1,0) FROM dbo.TBL_Matricula),'1084133489', 9, 4.3)
INSERT INTO dbo.TBL_Matricula VALUES ((SELECT ISNULL(MAX(MAT_Consecutivo)+1,0) FROM dbo.TBL_Matricula),'1545699556', 9, 2.1)
INSERT INTO dbo.TBL_Matricula VALUES ((SELECT ISNULL(MAX(MAT_Consecutivo)+1,0) FROM dbo.TBL_Matricula),'350921802', 3, 1.9)
INSERT INTO dbo.TBL_Matricula VALUES ((SELECT ISNULL(MAX(MAT_Consecutivo)+1,0) FROM dbo.TBL_Matricula),'553429177', 3, 3.9)
INSERT INTO dbo.TBL_Matricula VALUES ((SELECT ISNULL(MAX(MAT_Consecutivo)+1,0) FROM dbo.TBL_Matricula),'122443010', 3, 2.2)
INSERT INTO dbo.TBL_Matricula VALUES ((SELECT ISNULL(MAX(MAT_Consecutivo)+1,0) FROM dbo.TBL_Matricula),'1815698730', 9, 3.7)
INSERT INTO dbo.TBL_Matricula VALUES ((SELECT ISNULL(MAX(MAT_Consecutivo)+1,0) FROM dbo.TBL_Matricula),'1669948635', 9, 4.2)
INSERT INTO dbo.TBL_Matricula VALUES ((SELECT ISNULL(MAX(MAT_Consecutivo)+1,0) FROM dbo.TBL_Matricula),'1174697850', 3, 2.8)
INSERT INTO dbo.TBL_Matricula VALUES ((SELECT ISNULL(MAX(MAT_Consecutivo)+1,0) FROM dbo.TBL_Matricula),'1315439073', 9, 3.1)
INSERT INTO dbo.TBL_Matricula VALUES ((SELECT ISNULL(MAX(MAT_Consecutivo)+1,0) FROM dbo.TBL_Matricula),'1720474118', 9, 3.5)
INSERT INTO dbo.TBL_Matricula VALUES ((SELECT ISNULL(MAX(MAT_Consecutivo)+1,0) FROM dbo.TBL_Matricula),'1065634019', 9, 2.4)
INSERT INTO dbo.TBL_Matricula VALUES ((SELECT ISNULL(MAX(MAT_Consecutivo)+1,0) FROM dbo.TBL_Matricula),'1269685201', 3, 3.9)
INSERT INTO dbo.TBL_Matricula VALUES ((SELECT ISNULL(MAX(MAT_Consecutivo)+1,0) FROM dbo.TBL_Matricula),'212330508', 3, 3.6)
INSERT INTO dbo.TBL_Matricula VALUES ((SELECT ISNULL(MAX(MAT_Consecutivo)+1,0) FROM dbo.TBL_Matricula),'843682602', 3, 4.5)
INSERT INTO dbo.TBL_Matricula VALUES ((SELECT ISNULL(MAX(MAT_Consecutivo)+1,0) FROM dbo.TBL_Matricula),'1013249373', 3, 3.5)
INSERT INTO dbo.TBL_Matricula VALUES ((SELECT ISNULL(MAX(MAT_Consecutivo)+1,0) FROM dbo.TBL_Matricula),'1678031536', 3, 2.5)
INSERT INTO dbo.TBL_Matricula VALUES ((SELECT ISNULL(MAX(MAT_Consecutivo)+1,0) FROM dbo.TBL_Matricula),'1315457092', 3, 4.2)
INSERT INTO dbo.TBL_Matricula VALUES ((SELECT ISNULL(MAX(MAT_Consecutivo)+1,0) FROM dbo.TBL_Matricula),'757221736', 9, 2.4)
INSERT INTO dbo.TBL_Matricula VALUES ((SELECT ISNULL(MAX(MAT_Consecutivo)+1,0) FROM dbo.TBL_Matricula),'1577992581', 9, 2.4)
INSERT INTO dbo.TBL_Matricula VALUES ((SELECT ISNULL(MAX(MAT_Consecutivo)+1,0) FROM dbo.TBL_Matricula),'434078852', 9, 3.8)
INSERT INTO dbo.TBL_Matricula VALUES ((SELECT ISNULL(MAX(MAT_Consecutivo)+1,0) FROM dbo.TBL_Matricula),'1674072302', 3, 4.6)
INSERT INTO dbo.TBL_Matricula VALUES ((SELECT ISNULL(MAX(MAT_Consecutivo)+1,0) FROM dbo.TBL_Matricula),'928605878', 3, 3.8)
INSERT INTO dbo.TBL_Matricula VALUES ((SELECT ISNULL(MAX(MAT_Consecutivo)+1,0) FROM dbo.TBL_Matricula),'546719608', 9, 3.2)
INSERT INTO dbo.TBL_Matricula VALUES ((SELECT ISNULL(MAX(MAT_Consecutivo)+1,0) FROM dbo.TBL_Matricula),'1842613691', 3, 4)
INSERT INTO dbo.TBL_Matricula VALUES ((SELECT ISNULL(MAX(MAT_Consecutivo)+1,0) FROM dbo.TBL_Matricula),'1407720371', 3, 3.1)
INSERT INTO dbo.TBL_Matricula VALUES ((SELECT ISNULL(MAX(MAT_Consecutivo)+1,0) FROM dbo.TBL_Matricula),'1289527223', 9, 3)
INSERT INTO dbo.TBL_Matricula VALUES ((SELECT ISNULL(MAX(MAT_Consecutivo)+1,0) FROM dbo.TBL_Matricula),'636863376', 3, 1.9)
INSERT INTO dbo.TBL_Matricula VALUES ((SELECT ISNULL(MAX(MAT_Consecutivo)+1,0) FROM dbo.TBL_Matricula),'1720529567', 9, 4.7)